Claim,Source Name,Source URL,Verdict,Review Publication Date,Image URL,Tags
"Inconformada com derrota nas urnas, esquerda boliviana tenta derrubar Paz com violência",AFP Checamos,https://checamos.afp.com/doc.afp.com.B4BU7T3,Falso,2026-05-28 07:00:00,https://encrypted-tbn2.gstatic.com/images?q=tbn:ANd9GcQ_xhsuyzT83y2tchqoO6yPBbi4sNPIiaiNwqFrRNkz4tSoGPs2,"['Esquerda', 'Violência', 'Urna eleitoral']"
"Pilili, mascote da urna eletrônica, faz o L de Lula",BOL - UOL,https://www.bol.uol.com.br/noticias/2026/05/08/falso-mascote-tse-fez-o-l.ghtm,Falso,2026-05-08 07:00:00,https://encrypted-tbn0.gstatic.com/images?q=tbn:ANd9GcTly0XfN1Gcr7UahWG_vKNdWCDAbExR8d7WAUyOptt2q3heww8P,"['Luiz Inácio Lula da Silva', 'Urna eleitoral', 'Mascote', 'Faz o L', 'Máquina de votação', 'Eletrônica']"
Lula perdeu todas as eleições feitas com cédulas de papel e venceu todas após as urnas eletrônicas,Aos Fatos,https://www.aosfatos.org/noticias/falso-que-lula-so-venceu-eleicoes-apos-urnas-eletronicas/,falso,2025-12-09 08:00:00,https://encrypted-tbn0.gstatic.com/images?q=tbn:ANd9GcSMqvkbCelzWH_k0RWEMK4QMuwBldzU_G770BIvNtxwbc-A5cET,"['Luiz Inácio Lula da Silva', 'Urna eletrônica', 'Eleição', 'Urna eleitoral', 'Urna eletrônica', 'Cédula eleitoral', 'Papel']"
No congresso americano todas as urnas foram hackeadas em menos de duas horas,UOL Notícias,https://noticias.uol.com.br/comprova/ultimas-noticias/2025/11/10/urnas-eletronicas-brasileiras-nao-foram-fraudadas-em-evento-em-las-vegas.htm,Falso,2025-11-10 08:00:00,https://encrypted-tbn0.gstatic.com/images?q=tbn:ANd9GcTLhxlS0ljFsvcwJhelnjb3GH3HYXQiI78SoRwpJQoyFNqhDwLz,"['Urna eleitoral', 'Congresso']"
No congresso americano todas as urnas foram hackeadas em menos de duas horas,Projeto Comprova,https://projetocomprova.com.br/publica%C3%A7%C3%B5es/urnas-eletronicas-brasileiras-nao-foram-fraudadas-em-evento-em-las-vegas/,Falso,2025-11-07 08:00:00,,"['Urna eleitoral', 'Congresso']"
Luís Roberto Barroso e EUA agiram para comprar chips fraudulentos de Taiwan para roubar votos para Lula em 2022,Estadão,https://www.estadao.com.br/estadao-verifica/barroso-comprou-chips-adulterados-taiwan-roubar-votos-lula-falso/,Enganoso,2025-08-14 07:00:00,https://encrypted-tbn3.gstatic.com/images?q=tbn:ANd9GcTsQZK51XiX5p6nheDlDgjzfdadpgc1bwRJwmXKSrYEIUc3PTY5,"['Luís Roberto Barroso', 'Taiwan', 'Votação', 'Circuito integrado', 'Luiz Inácio Lula da Silva', 'Estados Unidos', '2022']"
Fraude comprovada nas urnas em 2022,UOL Notícias,https://noticias.uol.com.br/confere/ultimas-noticias/2025/06/12/documentos-de-agencia-dos-eua-nao-provam-fraude-nas-urnas-no-brasil.htm,Falso,2025-06-12 07:00:00,https://encrypted-tbn3.gstatic.com/images?q=tbn:ANd9GcSYjdlllqKNhigiiB2iXC2Bn0uPyM6evRGurZsxef82eV7HAbpK,"['Fraude', 'Urna eleitoral', '2022']"
TSE descarta 200 mil urnas para apagar rastro da fraude e enterrar qualquer chance de auditoria,AFP Checamos,https://checamos.afp.com/doc.afp.com.372U92K,Falso,2025-03-18 07:00:00,https://encrypted-tbn0.gstatic.com/images?q=tbn:ANd9GcRETgmREgzgU9sm9CjjgJjFk0-oTOm0pHmTZFAypAgES3hrMCbG,"['Urna eleitoral', 'Tribunal Superior Eleitoral', 'Auditoria', 'Fraude']"
Donald Trump elogiou urnas eletrônicas brasileiras,Aos Fatos,https://www.aosfatos.org/noticias/trump-elogiou-identificacao-biometrica-nao-urna-eletronica-brasileira/,não_é_bem_assim,2025-03-27 07:00:00,https://encrypted-tbn2.gstatic.com/images?q=tbn:ANd9GcTm17Pe5wVQSJGdVPIvP4lE4lh3R7gxjCg_zmoao6vG9RmaNNyh,"['Urna eletrônica', 'Donald Trump', 'Brasil']"
TSE descarta 195 mil urnas após denúncia de golpe por Mike Benz,Estadão,https://www.estadao.com.br/estadao-verifica/tse-descarta-195-mil-urnas-apos-denuncias-mike-benz/,Enganoso,2025-02-28 08:00:00,https://encrypted-tbn2.gstatic.com/images?q=tbn:ANd9GcRHlldEusu9hOwSe3ANS1gVAjDNDc6eriEBdxSGht4BOyQTjACC,"['Urna eleitoral', 'Tribunal Superior Eleitoral']"
TSE vai destruir 195 mil urnas para esconder provas de fraude,Aos Fatos,https://www.aosfatos.org/noticias/tse-destruir-urnas-provas-fraude/,falso,2025-02-27 08:00:00,,"['Tribunal Superior Eleitoral', 'Urna eleitoral', 'Fraude', 'Prova']"
Smartmatic foi responsável por urnas eletrônicas de 2022 e contagem de votos,AFP Checamos,https://checamos.afp.com/doc.afp.com.36YQ723,Enganoso,2025-02-26 08:00:00,https://encrypted-tbn3.gstatic.com/images?q=tbn:ANd9GcQ-tHAOZ4FR9UISvLKsa785WCrI20WHF7_dNUPmHjI4eGTCSCo3,"['Smartmatic', 'Urna eleitoral', 'Urna eletrônica', 'Votação', '2022']"
BOLSONARO TINHA RAZÃO. A fabricante de urnas eletrônicas dos Estados Unidos anunciou que mudou de opinião sobre a segurança eleitoral. Agora a empresa pede que o governo torne obrigatório que todas as máquinas emitam comprovante de voto em papel.,UOL Notícias,https://noticias.uol.com.br/confere/ultimas-noticias/2024/11/22/post-distorce-reportagem-sobre-urnas-dos-eua-sistema-do-brasil-e-diferente.htm,Distorcido,2024-11-22 08:00:00,https://encrypted-tbn0.gstatic.com/images?q=tbn:ANd9GcSZdvwM36CEC_HoFKl3ylUSmM4SpNPgypeji0PnQcl3PD4cMKkH,"['Urna eleitoral', 'Votação', 'Estados Unidos', 'Eleição', 'Jair Bolsonaro', 'Máquina', 'Segurança eleitoral', 'Eletrônica', 'Papel']"
"Primeira urna aberta nos Estados Unidos indica vitória de Donald Trump, pois houve um empate. Em 2020, Trump perdeu na mesma região",Estadão,https://www.estadao.com.br/estadao-verifica/primeira-urna-eua-vitoria-trump-kamala-enganoso/,Enganoso,2024-11-05 08:00:00,https://encrypted-tbn3.gstatic.com/images?q=tbn:ANd9GcSsJDDYv882NH-COhlBk7RKA9hDbHuMAvx6OpAfbq98oLJlpJtk,"['Donald Trump', 'Urna eleitoral', 'Estados Unidos', '2020', 'Empate']"
Urnas de votação antecipada foram queimadas em estados onde Donald Trump é favorito,Estadão,https://www.estadao.com.br/estadao-verifica/urnas-queimadas-estados-trump-favorito-enganoso/,Enganoso,2024-11-04 08:00:00,https://encrypted-tbn1.gstatic.com/images?q=tbn:ANd9GcR03ik5Q7JqN2fz9c5V-grAPpVJKz1QbiC6Zq4OYwO7j53gVuxp,"['Donald Trump', 'Urna eleitoral', 'Votação', 'Queimada', 'Voto antecipado']"
6 mil urnas foram trocadas em Fortaleza,UOL Notícias,https://noticias.uol.com.br/confere/ultimas-noticias/2024/10/27/e-falso-que-seis-mil-urnas-foram-substituidas-em-fortaleza.htm,Falso,2024-10-27 07:00:00,https://encrypted-tbn2.gstatic.com/images?q=tbn:ANd9GcS0rbIdLxWr5GckzwzC5osB8GoP99RQIitnpY4g_29g3lUrgumZ,['Urna eleitoral']
6 mil urnas foram trocadas no segundo turno das eleições de 2024 em Fortaleza,AFP Checamos,https://checamos.afp.com/doc.afp.com.36L762V,Falso,2024-10-29 07:00:00,https://encrypted-tbn3.gstatic.com/images?q=tbn:ANd9GcTPgp4E05DvbkP4lz5UZ64Lo23OU6tVR_a7WLmOr3tld11zYqdk,"['Eleição', 'Urna eleitoral', '2024', 'Eleições municipais no Brasil em 2024', 'Fortaleza']"
Mais de mil urnas foram trocadas em Fortaleza,Estadão,https://www.estadao.com.br/estadao-verifica/urnas-trocadas-fortaleza-falso/,Falso,2024-10-28 07:00:00,https://encrypted-tbn1.gstatic.com/images?q=tbn:ANd9GcRLJyRaQkcd_-8773ndKSVBVzZn0sFMY1N5IbwtYOaGNAA313bx,"['Urna eleitoral', 'Fortaleza']"
Demonstração mostra fraudes em urnas,AFP Checamos,https://checamos.afp.com/doc.afp.com.36KD4EP,Enganoso,2024-10-18 07:00:00,https://encrypted-tbn1.gstatic.com/images?q=tbn:ANd9GcSVVBT54oF_QXGaqPD9Hx764uGn9qACIoLb2GFasDpn-kQfuir_,"['Urna eleitoral', 'Fraude']"
Alexandre de Moraes trocou 48 urnas em cima da hora em SP para derrubar Marçal e favorecer Boulos,Estadão,https://www.estadao.com.br/estadao-verifica/alexandre-de-moraes-trcou-48-urnas-ultima-hora-sao-paulo-falso/,Falso,2024-10-16 07:00:00,https://encrypted-tbn2.gstatic.com/images?q=tbn:ANd9GcTbguzouODkxy6_l9VG0O0fHGEfaeBgFpWJGkSpXC-OR4xVoNcz,"['Alexandre de Moraes', 'Urna eleitoral', 'São Paulo', 'Guilherme Boulos', 'Pablo Marçal']"
Moraes trocou 48 urnas para derrubar Marçal e favorecer Boulos,Projeto Comprova,https://projetocomprova.com.br/publica%C3%A7%C3%B5es/alexandre-de-moraes-nao-e-mais-do-tse-e-nao-trocou-urnas-video-mostra-ministro-votando-em-sp/,É mentirosa a afirmação de que Moraes ordenou a troca de 48 urnas em São Paulo de última hora para prejudicar Marçal e favorecer Boulos. O magistrado deixou o TSE em maio e não tem mais nenhuma ligação com a Corte.,2024-10-15 07:00:00,,"['Alexandre de Moraes', 'Urna eleitoral', 'Guilherme Boulos', 'Pablo Marçal']"
"Transporte de urnas eletrônicas é trabalho do TSE, não da Comlurb",UOL Notícias,https://noticias.uol.com.br/comprova/ultimas-noticias/2024/10/15/comlurb-participa-de-distribuicao-de-urnas-no-rio-de-janeiro-desde-1996.htm,Falso,2024-10-15 07:00:00,https://encrypted-tbn1.gstatic.com/images?q=tbn:ANd9GcREbhNpJndWfnsy4AdBYOlX7UGhsU8vUEGYZJHH9To2va-lkfi0,"['Urna eleitoral', 'Comlurb', 'Tribunal Superior Eleitoral', 'Transporte', 'Urna eletrônica', 'Trabalho']"
Prefeitura de Belford Roxo recolheu urnas eletrônicas no dia das eleições sem presença do Tribunal Regional Eleitoral,Estadão,https://www.estadao.com.br/estadao-verifica/belford-roxo-transporte-irregular-de-urnas-enganoso/,Enganoso,2024-10-11 07:00:00,https://encrypted-tbn2.gstatic.com/images?q=tbn:ANd9GcQHwPsDjdWmxVIbROilp-TChq6XSYn5iADNe6zGqtMs3Fgtiloc,"['Belford Roxo', 'Urna eleitoral', 'Eleição', 'Tribunal Superior Eleitoral', 'Urna eletrônica', 'Dia da eleição', 'Prefeito no Brasil', 'Tribunal', 'Dia']"
"""Urgente em Jandira facção sequestrou as urnas eletrônicas, TSE está negociando o resgate""",UOL Notícias,https://noticias.uol.com.br/confere/ultimas-noticias/2024/10/09/faccao-urnas-jandira-falso.htm,Falso,2024-10-09 07:00:00,https://encrypted-tbn2.gstatic.com/images?q=tbn:ANd9GcTayABdbWvt_vz-GRHsk-I0_vCJx9JIGzuBUFpVryLu8O2_Jbg1,"['Urna eleitoral', 'Jandira', 'Tribunal Superior Eleitoral', 'Urna eletrônica', 'Sequestro', 'Eletrônica']"
Só o Brasil usa urnas eletrônicas,Estadão,https://www.estadao.com.br/estadao-verifica/apenas-brasil-urna-eletronica-falso/,Falso,2024-10-08 07:00:00,https://encrypted-tbn2.gstatic.com/images?q=tbn:ANd9GcQBq5bRLsBSbQbN7XekxSQCvE7lPwuSsrhyYOdDXcj3cD3dcwuv,"['Urna eletrônica', 'Urna eleitoral', 'Brasil', 'Eletrônica']"
"Fraude eleitoral: trecho da transmissão da TV Record mostrou a apuração das urnas eletrônicas em São Paulo aumentou repentinamente de 3,92% para 98,14%",Estadão,https://www.estadao.com.br/estadao-verifica/apuracao-disparou-fraude-urnas-enganoso/,Enganoso,2024-10-07 07:00:00,https://encrypted-tbn0.gstatic.com/images?q=tbn:ANd9GcRwJSU_YTBb7AD1gcmcLT7rapyUvEGrMQ6MI-26kA5Mau_Jopmv,"['Fraude eleitoral', 'Urna eleitoral', 'Eleição', 'Fraude', 'Urna eletrônica', 'São Paulo', 'Record']"
Transporte irregular de urnas em Itacoatiara compromete eleições no Amazonas,Estadão,https://www.estadao.com.br/estadao-verifica/transporte-irregular-de-urnas-em-itacoatiara-am-nao-afetou-integridade-dos-aparelhos-de-votacao/,Enganoso,2024-10-05 07:00:00,https://encrypted-tbn3.gstatic.com/images?q=tbn:ANd9GcTY3KRlVkfCrF6ZvEx6YecQXHZyUS3wxtoC1AcGYFuPP-BC_kVR,"['Urna eleitoral', 'Eleição', 'Transporte', 'Amazonas', 'Itacoatiara']"
Eleitor deve aguardar a mensagem “confirma seu voto” na urna eletrônica antes de finalizar a votação,Aos Fatos,https://www.aosfatos.org/noticias/falso-urnas-eletronicas-mensagem-confirma-o-seu-voto/,falso,2024-10-05 07:00:00,https://encrypted-tbn1.gstatic.com/images?q=tbn:ANd9GcSXlYH7fUnWollcEcX8PBhe-nKuW1uLbetwVPWZ-k40pRrA_8RR,"['Votação', 'Urna eleitoral', 'Máquina de votação', 'Eleitor', 'Mensagem', 'Eletrônica']"
"Eleitor perderá voto caso aperte a tecla “confirma” da urna eletrônica enquanto o equipamento exibir o aviso ""Confira seu voto""",Estadão,https://www.estadao.com.br/estadao-verifica/confira-seu-voto-confirma-anula-falso/,Falso,2024-10-04 07:00:00,https://encrypted-tbn2.gstatic.com/images?q=tbn:ANd9GcT1MjTVgVMaEGm2DyhtnMUGb-wvmMTdYg1kXlcdStDl16vAD5pw,"['Votação', 'Urna eleitoral', 'Eleitor', 'Máquina de votação', 'Eletrônica']"
A urna conta secretamente o seu voto,AFP Checamos,https://checamos.afp.com/doc.afp.com.36J6862,Enganoso,2024-10-03 07:00:00,https://encrypted-tbn1.gstatic.com/images?q=tbn:ANd9GcTJzX3z7O8OF1_SGCFFJxrC1MuobRK6z3bK0lFNAsKzdOXMmTAG,"['Urna eleitoral', 'Votação']"
Aposentados que forem às urnas em outubro: o voto servirá de prova de vida junto ao INSS.,UOL Notícias,https://noticias.uol.com.br/confere/ultimas-noticias/2024/09/18/e-falso-que-voto-sirva-como-prova-de-vida-do-inss.htm,Falso,2024-09-18 07:00:00,https://encrypted-tbn0.gstatic.com/images?q=tbn:ANd9GcRhQG3U2gh1cNXmf7dWEfa1xY4disXHUhZQ5vLF6Ndfp_95-M-n,"['Votação', 'Instituto Nacional do Seguro Social', 'INSS', 'Urna eleitoral', 'Outubro', 'Aposentadoria']"
Lula quer o comprovante do voto impresso para confirmar a vitória do Maduro na Venezuela porque não confia nas urnas eletrônicas,Aos Fatos,https://www.aosfatos.org/noticias/falso-lula-criticou-urna-eletronica-atas-eleitorais-venezuela/,falso,2024-09-18 07:00:00,https://encrypted-tbn2.gstatic.com/images?q=tbn:ANd9GcRHmPrrg-c8tYK_G3UwD2_OURa9rqoIZhrB13mAwLv_Ad9DN_Zu,"['Luiz Inácio Lula da Silva', 'Venezuela', 'Urna eleitoral', 'Votação', 'Nicolás Maduro', 'Urna eletrônica', 'Comprovante de votação verificado pelo eleitor']"
Não é possível recontagem de votos e a população não pode auditar as eleições,Aos Fatos,https://www.aosfatos.org/noticias/falso-eleicoes-brasil-nao-sao-auditaveis-nem-permitem-recontagem/,falso,2024-10-07 07:00:00,https://encrypted-tbn2.gstatic.com/images?q=tbn:ANd9GcT6jL2sM71tbVhdlgGkOimrojJRFam8bDe__IYH3S-17jbO_p38,"['Eleição', 'Votação']"
"Se você apertar na tecla confirma na urna, seu voto é anulado",AFP Checamos,https://checamos.afp.com/doc.afp.com.36G63T2,Falso,2024-09-12 07:00:00,https://encrypted-tbn3.gstatic.com/images?q=tbn:ANd9GcR62WrgVV9z4Pqn3eeKu2c-h27pttKxCM-qho0MJV0Hhh-KXhsa,"['Votação', 'Urna eleitoral']"
Eleitor pode perder o voto ao apertar a tecla confirma na urna eletrônica,Metrópoles,https://www.metropoles.com/projeto-comprova/video-antigo-mente-sobre-urna-eletronica,Falso,2024-09-10 07:00:00,https://encrypted-tbn1.gstatic.com/images?q=tbn:ANd9GcQJ8wD4j-UVsEgTFwLRpASoxRHFRPA1sv3NJ2XJeFPMVhtUthP8,"['Máquina de votação', 'Urna eleitoral', 'Votação', 'Eleitor', 'Eletrônica']"
EUA construíram urnas para o Brasil,UOL Notícias,https://noticias.uol.com.br/comprova/ultimas-noticias/2024/09/09/post-engana-ao-afirmar-que-os-eua-teriam-construido-urnas-para-o-brasil.htm,Enganoso,2024-09-09 07:00:00,https://encrypted-tbn3.gstatic.com/images?q=tbn:ANd9GcSynK_cl1awBzaHu9cLOEO3xuhjMCLsNTXEgnZkgClESHJe6rx4,"['Urna eleitoral', 'Estados Unidos', 'Brasil']"
Os EUA teriam construído urnas eletrônicas para o Brasil,Metrópoles,https://www.metropoles.com/projeto-comprova/eua-urna-eletronica-brasil,Falso,2024-09-09 07:00:00,https://encrypted-tbn0.gstatic.com/images?q=tbn:ANd9GcTC18Wxxq6vSvj4lUZ4I6L_PYz8YaYES6OfAjFeDiVgI46Olg6e,"['Urna eletrônica', 'Urna eleitoral', 'Estados Unidos', 'Brasil', 'Eletrônica']"
"Eles criaram um delay e colocaram no rodapé uma informação que diz ""confira o seu voto"" e se você apertar na tecla verde, você perde o seu voto. O seu voto é anulado",UOL Notícias,https://noticias.uol.com.br/confere/ultimas-noticias/2024/10/02/delay-urna-confira-nao-anula-voto.htm,Falso,2024-10-02 07:00:00,https://encrypted-tbn1.gstatic.com/images?q=tbn:ANd9GcShgeH81Js_49_DmmVv55br1U87p0H6vK2oSOuAXyHzpBCcwcS8,"['Votação', 'Informação', 'Rodapé']"
Tecnólogo desafia o sistema e revela com detalhes como as urnas foram fraudadas. Ele expõe com detalhes o caminho dos votos roubados de Bolsonaro,UOL Notícias,https://noticias.uol.com.br/comprova/ultimas-noticias/2024/08/26/e-falso-que-lula-tenha-recebido-votos-nulos-ou-em-branco-em-2022.htm,Falso,2024-08-26 07:00:00,https://encrypted-tbn0.gstatic.com/images?q=tbn:ANd9GcT8kI4CARH7cDApoD7ofqMEmDnjnfNBDR9Cxj7Dtc3_Ht8Mx9HA,"['Votação', 'Urna eleitoral', 'Jair Bolsonaro', 'Sistema', 'Curso superior de tecnologia']"
Eleitor pode perder o voto ao apertar a tecla confirma,Projeto Comprova,https://projetocomprova.com.br/publica%C3%A7%C3%B5es/eleitor-nao-perde-voto-ao-apertar-confirma-durante-aviso-para-conferir-escolha-na-urna-eletronica/,Falso: O aviso de “Confira seu voto” foi implementado nas últimas eleições gerais para permitir que o eleitor revise o voto antes da confirmação.,2024-09-09 07:00:00,,"['Eleitor', 'Votação']"
Vídeo mostra homens de Maduro roubando urnas,Estadão,https://www.estadao.com.br/estadao-verifica/homens-encapuzados-roubam-urnas-enganoso/,Falso,2024-07-31 07:00:00,https://encrypted-tbn0.gstatic.com/images?q=tbn:ANd9GcTpJj0bCkbwlFBxmQrBDnVYYtMmyTxLGKyelNS0bFgNZy2GKaHL,"['Urna eleitoral', 'Nicolás Maduro', 'Vídeo', 'Homem']"
"A IMAGEM mostra o código fonte quebrado. Ela contém todas as informações, eleitor por eleitor. Quando votou, onde votou e, na última coluna (que não aparece), em quem votou. Todas essas informações estão, repito, contidas no CF, ora rompido. A se confirma: 17,5 na escala richter.",UOL Notícias,https://noticias.uol.com.br/confere/ultimas-noticias/2024/08/22/codigo-urna-nao-revela-voto.htm,Falso,2024-08-22 07:00:00,https://encrypted-tbn1.gstatic.com/images?q=tbn:ANd9GcT2xKXN5Jh340MaIEad6w4DUaw3q2OJXTBWSYY58pLtYBHascuN,"['Eleitor', 'Código-fonte', 'Escala de Richter', 'Informação', 'Imagem']"
"Países que fizeram a eleição com cédula de papel ou urnas com voto impresso, como Paraguai, Uruguai, Equador e Argentina, tiveram derrota da esquerda",Estadão,https://www.estadao.com.br/estadao-verifica/voto-impresso-direita-esquerda-falso/,Falso,2024-06-21 07:00:00,https://encrypted-tbn0.gstatic.com/images?q=tbn:ANd9GcRxLQo3SVz8isn-NkR8FYANGo53aMOT3HbyfD-GypjFyqOa8f0r,"['Comprovante de votação verificado pelo eleitor', 'Votação', 'Eleição', 'Esquerda', 'Urna eleitoral', 'País', 'Argentina', 'Uruguai']"
Globo disse que convenção de hackers em Las Vegas comprovou que as urnas eletrônicas brasileiras são hackeáveis,Estadão,https://www.estadao.com.br/estadao-verifica/influenciador-portugues-globo-urnas-eletronicas-hackeadas-eua/,Enganoso,2024-04-25 07:00:00,https://encrypted-tbn1.gstatic.com/images?q=tbn:ANd9GcQi3Ro_c6fW0jdxiL7UKuAE8ph69upkdzsHeU_U3Y4KACoGFuo7,"['Urna eletrônica', 'Brasil', 'Hacker', 'Las Vegas', 'O Globo']"
"Não adiantou apagarem o vídeo. Foi resgatado e será repassado aos milhões, basta cada um de nós receber esse vídeo e repassar ao máximo. Vamos dar a nossa contribuição",UOL Notícias,https://noticias.uol.com.br/comprova/ultimas-noticias/2024/03/11/post-usa-video-antigo-de-urnas-dos-eua-para-questionar-eleicoes-no-brasil.htm,Enganoso,2024-03-11 07:00:00,https://encrypted-tbn1.gstatic.com/images?q=tbn:ANd9GcTBEUPbCnp584pXhOmR0nbZnUmGQWNb6AwNU-VCmLREiRPGTmZG,['Vídeo']
Código-fonte das urnas será aberto por conta de eleição do Conselho Tutelar,Projeto Comprova,https://projetocomprova.com.br/publica%C3%A7%C3%B5es/abertura-do-codigo-fonte-das-urnas-e-padrao-e-nao-tem-relacao-com-escolha-de-conselhos-tutelares/,Enganoso: Não é verdade que o TSE tenha mandado abrir o código-fonte das urnas eletrônicas por causa das eleições do Conselho Tutelar.,2023-10-06 07:00:00,,"['Eleição', 'Urna eleitoral', 'Conselho Tutelar', 'Código-fonte']"
Nunes Marques disse que urnas eletrônicas foram fraudadas,Aos Fatos,https://www.aosfatos.org/noticias/video-nunes-marques-urnas-fraudadas-voto-fora-de-contexto/,falso,2023-07-12 07:00:00,https://encrypted-tbn2.gstatic.com/images?q=tbn:ANd9GcSlbYMjJxhK9iZt2CXxq1haC4jZPM628p8JmXN0RJ-YTKjR2Ohk,"['Nunes Marques', 'Urna eleitoral', 'Urna eletrônica']"
Eleitores de Lula não precisarão voltar às urnas no 2º turno,Aos Fatos,https://www.aosfatos.org/noticias/falso-eleitor-lula-nao-precisa-votar-2-turno/,falso,2022-10-11 07:00:00,https://encrypted-tbn0.gstatic.com/images?q=tbn:ANd9GcRdaeEnkLn4U9wQqLOXpEzWNql1CU-a071bHzX0R-h_kWaG99yw,"['Luiz Inácio Lula da Silva', 'Eleição', 'Urna eleitoral']"
"Tem que esperar esse negócio do ‘confira seu voto’ acabar, demora lá alguns segundos, e aí aparece o aviso ‘aperte a tecla confirma para confirmar seu voto’ (...) Dá impressão que isso é feito pra confundir, pra pessoa perder voto.""",BOL - UOL,https://www.bol.uol.com.br/noticias/2022/09/28/e-falso-que-mensagem-nas-urnas-para-conferir-voto-tenta-confundir-eleitores.htm,Falso,2022-09-28 07:00:00,https://encrypted-tbn3.gstatic.com/images?q=tbn:ANd9GcRB6IpBZsZEYGjMVErJqrAY_KPHvrKyfBZ1jEfWf5J1oTid9ead,"['Votação', 'Segundo', 'Negócios', 'Impressão', 'Inteligência artificial']"
urnas eletrônicas não são auditáveis,O GLOBO,https://oglobo.globo.com/fato-ou-fake/e-fake-que-urnas-eletronicas-brasileiras-nao-sao-auditaveis-24746362,Fake,2020-11-14 08:00:00,,"['Urna eletrônica', 'Urna eleitoral']"
As urnas eletrônicas não tem o certificado de qualidade do INMETRO,AFP Checamos,https://checamos.afp.com/doc.afp.com.9ZG44W,Enganoso,2022-02-10 08:00:00,https://encrypted-tbn0.gstatic.com/images?q=tbn:ANd9GcSR78tuTjFQHYCUdGjzy25GuX6-fVkWgkGcQWHPS-9eHcbZyK5s,"['Urna eletrônica', 'Urna eleitoral', 'Instituto Nacional de Metrologia, Qualidade e Tecnologia', 'Inmetro', 'Certificação', 'Eletrônica', 'Qualidade']"
Comandante do Exército cobra contraprovas do TSE sobre fraude nas urnas,UOL Notícias,https://noticias.uol.com.br/confere/ultimas-noticias/2022/11/04/e-falso-oficio-com-nome-do-comandante-do-exercito-ao-tse-sobre-fraude.htm,Falso,2022-11-04 07:00:00,https://encrypted-tbn3.gstatic.com/images?q=tbn:ANd9GcTMrBvmCf0tc-ai5uLc3yE9p6VficT4kgCjF1UKDvSj9ttZAj7s,"['Tribunal Superior Eleitoral', 'Fraude', 'Exército', 'Comandante', 'Fraude nas urnas eletrônicas', 'Urna eleitoral']"
Voto será anulado quando só se escolhe presidente na urna,Folha - UOL,https://www1.folha.uol.com.br/poder/2022/09/e-falso-que-voto-e-anulado-quando-so-se-escolhe-presidente-na-urna.shtml,Falso,2022-09-29 07:00:00,https://encrypted-tbn2.gstatic.com/images?q=tbn:ANd9GcTLJJ0jGHkqt33hofAHO95h6bjOVovLInOglHaD-p5c05vfILbW,"['Votação', 'Presidente', 'Urna eleitoral']"
Globo admitiu chance de fraude nas urnas em reportagem sobre quadrilha de golpistas,Aos Fatos,https://www.aosfatos.org/noticias/e-falso-que-globo-admitiu-em-reportagem-que-urnas-eletronicas-podem-ser-fraudadas/,falso,2021-08-31 07:00:00,https://encrypted-tbn2.gstatic.com/images?q=tbn:ANd9GcQ4Qnao0QVionf0nAp5AZOrBZhUHOgttV_lQEq4ka6I7c3kSdxj,"['Fraude nas urnas eletrônicas', 'Urna eleitoral', 'Reportagem', 'TV Globo', 'Fraude', 'Quadrilha']"
Um mesmo mesário ativou 5 mil urnas em 4 dias em Campinas e no Guarujá,Aos Fatos,https://www.aosfatos.org/noticias/falso-mesario-ativou-5000-urnas/,falso,2022-12-12 08:00:00,https://encrypted-tbn0.gstatic.com/images?q=tbn:ANd9GcS9LifySovyKD_VF6mSiFRsEECvSgSwCJF1s1eiKV2hx14hh0uM,"['Mesário', 'Urna eleitoral', 'Dia', 'Campinas', 'Guarujá']"
Vídeo mostra cabos eleitorais do candidato à Prefeitura de Fortaleza Sarto Nogueira flagrados transportando urnas adulteradas no segundo turno,AFP Checamos,https://checamos.afp.com/urna-em-picape-era-equipamento-de-reposicao-nao-maquina-adulterada-com-partidarios-de-sarto,Falso,2020-11-30 08:00:00,https://encrypted-tbn2.gstatic.com/images?q=tbn:ANd9GcTVgS0AoqdGAd25Wm31eDmF1m-II45AJIUxrjQAidhGOY4x2nbQ,"['Urna eleitoral', 'José Sarto', 'Eleição', 'Candidato', 'Transporte', 'Fortaleza', 'Vídeo']"
Urnas foram apreendidas no Amazonas com maioria de votos para Haddad,UOL Notícias,https://noticias.uol.com.br/comprova/ultimas-noticias/2018/10/24/e-boato-que-urnas-foram-apreendidas-no-am-com-maioria-de-votos-para-haddad.htm,Falso,2018-10-24 07:00:00,https://encrypted-tbn2.gstatic.com/images?q=tbn:ANd9GcRagp9QVf1jegZE-PL5921SZWxBh-xNqazwUlFQ5R3o9mTDy-AE,"['Urna eleitoral', 'Fernando Haddad', 'Votação', 'Maioria', 'Amazonas']"
Jair Bolsonaro se envolveu com fraude de urnas em 1994,Projeto Comprova,https://projetocomprova.com.br/publica%C3%A7%C3%B5es/bolsonaro-nao-se-beneficiou-de-fraude-eleitoral-em-1994/,"ENGANOSO: Notícia de 1994 compartilhada agora nas redes sociais é verdadeira, mas não indica qualquer evidência de que Bolsonaro tenha participado da fraude. Nas eleições daquele ano, ele foi o terceiro candidato mais votado no Rio de Janeiro",2020-11-27 08:00:00,https://encrypted-tbn3.gstatic.com/images?q=tbn:ANd9GcQq4gpXbtk-d_pTZZ67WKb9ySGCVC9eD39cF6LjOPiYpe9ZXRAm,"['Jair Bolsonaro', 'Fraude', 'Urna eleitoral', '1994']"
Documento prova fraude nas urnas em 2018 que impediu a vitória de Bolsonaro no 1º turno das eleições,Projeto Comprova,https://projetocomprova.com.br/publica%C3%A7%C3%B5es/documento-nao-prova-fraude-nas-eleicoes-de-2018-e-nem-comprova-vitoria-de-bolsonaro-no-1o-turno/,"FALSO: Denúncia de fraude nas eleições foi baseada em coleta equivocada de dados. É falso também que as urnas eletrônicas sejam produzidas na China, como afirma um vídeo no YouTube",2020-10-22 07:00:00,,"['Jair Bolsonaro', 'Eleição', 'Fraude nas urnas eletrônicas', 'Urna eleitoral', 'Documento', '2018', 'Prova']"
Ficou provado no autoteste do TRE-SP que os teclados das urnas (Diebold) adulteraram os votos que eram digitados.,Aos Fatos,https://www.aosfatos.org/noticias/nao-e-verdade-que-o-tre-sp-identificou-urnas-que-adulteraram-os-votos-digitados/,falso,2018-10-28 07:00:00,https://encrypted-tbn3.gstatic.com/images?q=tbn:ANd9GcT977eacHXYC0nTgRqs-3s6nTj2RoPdpM1x6nfj1qvUKdjpsa4S,"['Tribunal Regional Eleitoral de São Paulo', 'Urna eleitoral', 'Votação', 'Instrumento de teclas']"
"""URGENTE: A invasão hacker do TSE revela a fraude nas urnas com a chancela da justiça eleitoral. Os votos válidos e os de quem justifica estão em banco de dados diferentes. Eles podem descarregar os votos de quem vai justificar na esquerda""",Observador,https://observador.pt/factchecks/fact-check-hacker-portugues-que-fez-ataque-informatico-a-tribunal-brasileiro-revelou-fraude-nas-eleicoes/,Errado,2020-11-22 08:00:00,https://encrypted-tbn3.gstatic.com/images?q=tbn:ANd9GcSPoSTekUtgc_77fQoKLZVgRXrfRC2VlIfGvKU-4cRTmZlv5x96,"['Hacker', 'Fraude nas urnas eletrônicas', 'Eleição', 'Tribunal Superior Eleitoral', 'Votação', 'Urna eleitoral', 'Dados', 'Voto válido']"
Números da apuração a cada 12% comprovam fraude nas urnas em favor de Lula,Projeto Comprova,https://projetocomprova.com.br/publica%C3%A7%C3%B5es/e-falso-que-totalizacao-de-votos-a-cada-12-indique-fraude-no-1o-turno-das-eleicoes/,Falso,2022-10-11 07:00:00,,"['Fraude nas urnas eletrônicas', 'Luiz Inácio Lula da Silva', 'Urna eleitoral', 'Número']"
Falta de manutenção em urnas eletrônicas durante a pandemia levou a cortes e agrupamento de seções eleitorais,UOL Notícias,https://noticias.uol.com.br/confere/ultimas-noticias/2020/10/28/secao-eleitoral-mudanca-urnas.htm,Falso,2020-10-28 07:00:00,https://encrypted-tbn3.gstatic.com/images?q=tbn:ANd9GcTKDtAFBfWkLy8kLhHJUSkB2uD73-z6fs_8IAcKJ9cG8dTDsNbn,"['Eleição', 'Urna eleitoral', 'Urna eletrônica', 'Pandemia']"
Urna completa sozinha voto em Haddad,UOL Notícias,https://noticias.uol.com.br/confere/ultimas-noticias/2018/10/19/videos-com-urna-que-autocompletaria-voto-em-sp-nao-provam-fraude.htm,Falso,2018-10-19 07:00:00,https://encrypted-tbn2.gstatic.com/images?q=tbn:ANd9GcRT0KP1_Y4pf8aKiqo9KJi9OfTTuoXaaxmb0ybZLH8OfCRXgoG_,"['Urna eleitoral', 'Votação', 'Fernando Haddad']"
"""Palocci afirmou que eleições eram decididas pela cúpula. Urnas foram encomendadas para fraudar eleições.""",Observador,https://observador.pt/factchecks/fact-check-ex-ministro-de-lula-admitiu-fraude-nas-eleicoes-no-brasil/,Errado,2020-12-14 08:00:00,https://encrypted-tbn3.gstatic.com/images?q=tbn:ANd9GcSPoSTekUtgc_77fQoKLZVgRXrfRC2VlIfGvKU-4cRTmZlv5x96,"['Antonio Palocci', 'Eleição', 'Fraude', 'Urna eleitoral']"
Boletins de Urna com mais votos para Bolsonaro do que para Lula comprovam fraude em Minas Gerais,Projeto Comprova,https://projetocomprova.com.br/publica%C3%A7%C3%B5es/video-de-boletins-de-urnas-que-mostram-bolsonaro-com-mais-votos-do-que-lula-nao-prova-fraude/,Falso,2022-10-14 07:00:00,,"['Jair Bolsonaro', 'Luiz Inácio Lula da Silva', 'Votação', 'Urna eleitoral', 'Fraude', 'Minas Gerais']"
Urnas estão estão programadas de acordo com o horário de verão.,Aos Fatos,https://www.aosfatos.org/noticias/e-falso-que-urnas-estao-programadas-para-horario-de-verao/,falso,2018-10-28 07:00:00,,"['Horário de verão', 'Urna eleitoral', 'Verão']"
Militar responsável pela auditoria das urnas eletrônicas foi morto a caminho do aeroporto,Aos Fatos,https://www.aosfatos.org/noticias/militar-morto-campinas-nao-integrava-grupo-de-fiscalizacao-tse/,falso,2022-11-10 08:00:00,https://encrypted-tbn0.gstatic.com/images?q=tbn:ANd9GcS76OsStAU8CzJyXVop4hgKpOELxywC_5fPEyaVF7s-tXfsOLLc,"['Urna eleitoral', 'Urna eletrônica', 'Militar', 'Forças armadas', 'Morte', 'Auditoria', 'Aeroporto']"
"Mas a tecnologia da mesma [urna eletrônica], a sua segurança, quase nada mudou de lá [dos anos 1990] para cá.",Aos Fatos,https://www.aosfatos.org/noticias/bolsonaro-promete-provas-de-fraude-mas-apresenta-alegacoes-ja-desmentidas-sobre-urnas-eletronicas/,falso,2021-07-29 07:00:00,,"['Urna eleitoral', 'Máquina de votação', 'Tecnologia', 'Eletrônica', '1990']"
Vídeo mostra urnas sendo fraudadas em Sindicato filiado à CUT,Aos Fatos,https://www.aosfatos.org/noticias/video-que-mostra-preparacao-de-urnas-em-sindicato-em-sp-nao-indica-irregularidade-ou-fraude/,não_é_bem_assim,2022-09-27 07:00:00,https://encrypted-tbn0.gstatic.com/images?q=tbn:ANd9GcQS4uGH5M1UAC5aeTmBmjcWLTyu8vLZC9X7zHu0XzFI7ik_6s7Y,"['Urna eleitoral', 'Sindicato', 'Vídeo', 'Central Única dos Trabalhadores', 'CUT']"
Reportagem de Naomi Yamaguchi comprova a existência de fraudes nas urnas em 2014.,Projeto Comprova,https://projetocomprova.com.br/publica%C3%A7%C3%B5es/video-nao-prova-fraude-em-eleicao-de-2014/,"FALSO: Em um vídeo de 2018, um suposto especialista usa metodologia incorreta para analisar os dados da apuração minuto a minuto dos votos no segundo turno.",2021-07-15 07:00:00,,"['Fraude', 'Projeto Comprova', '2014', 'Urna eleitoral', 'Reportagem', 'Greice Naomi Yamaguchi', 'Existência']"
Líder dos advogados do PT é gravado falando em conspiração para fraudar pesquisas eleitorais e manipular votos nas urnas eletrônicas em favor de Lula,Projeto Comprova,https://projetocomprova.com.br/publica%C3%A7%C3%B5es/advogado-do-pt-em-video-do-kwai-e-personagem-de-humor/,"SÁTIRA: O conteúdo foi publicado por um personagem humorístico criado por um comediante mineiro, e não um advogado real.",2022-04-22 07:00:00,,"['Advogado', 'Partido dos Trabalhadores', 'Eleição', 'Luiz Inácio Lula da Silva', 'Partido dos Trabalhadores', 'Votação', 'Pesquisa', 'Liderança', 'Urna eleitoral']"
Vídeo mostra que urnas têm vulnerabilidades e que TSE não fez testes de segurança,Aos Fatos,https://www.aosfatos.org/noticias/video-vulnerabilidades-urnas-2014-cita-problemas-ja-corrigidos/,falso,2022-10-01 07:00:00,https://encrypted-tbn2.gstatic.com/images?q=tbn:ANd9GcQvcJVgkucs238DdpQNYbKJ-MwN6QeWuFV9zWphA0GmnJzA0mFL,"['Urna eleitoral', 'Tribunal Superior Eleitoral', 'Vulnerabilidade', 'Vídeo']"
Distribuição de urnas pela Comlurb comprova fraude nas eleições,Aos Fatos,https://www.aosfatos.org/noticias/video-que-mostra-garis-entregando-urnas-no-rj-e-de-2018-e-nao-prova-fraude/,falso,2022-09-22 07:00:00,https://encrypted-tbn3.gstatic.com/images?q=tbn:ANd9GcRDeATVZxWAeccaSnqrQvY0kpq7lKnsarwHuD3bjyT0tQnqZlsi,"['Urna eleitoral', 'Fraude', 'Eleição']"
Tecla confirma não aparece na urna; urnas foram ligadas já com votos; urnas completam voto automaticamente,UOL Notícias,https://noticias.uol.com.br/confere/ultimas-noticias/2022/08/23/postagem-falsa-fraude-urnas-eleicoes-2018.htm,Falso,2022-08-23 07:00:00,https://encrypted-tbn3.gstatic.com/images?q=tbn:ANd9GcRi0eq2Dsa2ifBXucUTZjRO1MFRuljvj0pBS6XBkcNwG-d7faQ1,"['Urna eleitoral', 'Votação']"
Urnas adulteradas foram encontradas em Fortaleza,UOL Notícias,https://noticias.uol.com.br/confere/ultimas-noticias/2020/11/29/uol-confere-urnas-adulteradas-em-fortaleza-falso.htm,Falso,2020-11-29 08:00:00,https://encrypted-tbn1.gstatic.com/images?q=tbn:ANd9GcQsXefpdwhcTEPCS9M8Ov-EwAJl4jistINtj6gtKiV-zhl8cgK8,"['Urna eleitoral', 'Fortaleza']"
Eleições com urna eletrônica não são limpas,UOL Notícias,https://noticias.uol.com.br/confere/ultimas-noticias/2021/07/08/eleicoes-brasil-fraude.htm,Falso,2021-07-08 07:00:00,https://encrypted-tbn1.gstatic.com/images?q=tbn:ANd9GcTFsSJtmz6PKZgl-QzjoQ330n59c0cz_7Lotx_JmyYKMW33klmz,"['Eleição', 'Urna eleitoral', 'Máquina de votação', 'Eletrônica']"
Lamentável! Domingo 20 novembro Urnas eletrônicas sendo carregadas. Pra onde? Só Deus e Lex Luthor sabe,UOL Notícias,https://noticias.uol.com.br/confere/ultimas-noticias/2022/11/22/video-engana-ao-associar-tirada-de-urnas-de-predio-em-sp-a-fraude-eleitoral.htm,Insustentável,2022-11-22 08:00:00,https://encrypted-tbn1.gstatic.com/images?q=tbn:ANd9GcTvcrbwgys5ZHCKjzlo1WAT7MXAW-B4G_u3Du7dRms2y4SR13fI,"['Urna eleitoral', 'Urna eletrônica', 'Novembro', '20 de novembro', 'Deus', 'Lex Luthor']"
"Vídeo alegando falsamente que 70% do processo eleitoral seria terceirizado, incluindo a contagem dos votos, com o intuito de associar a terceirização a um suposto comprometimento da integridade das eleições. O conteúdo ainda promove desinformação sobre as funções exercidas por empresas e, em especial, técnicos de urna terceirizados que prestam serviços à Justiça Eleitoral, assim como sobre a credibilidade de algumas das entidades privadas que tiveram contratos com o TSE ou com os TREs.",Folha - UOL,https://www1.folha.uol.com.br/poder/2022/09/e-falso-que-70-do-processo-eleitoral-seja-terceirizado.shtml,Falso,2022-09-28 07:00:00,https://encrypted-tbn1.gstatic.com/images?q=tbn:ANd9GcT8h9DNlT8tC5UcLQVU-4D1YdIXGVnmwUMrqQ8-isKHUBvnPLtL,"['Eleição', 'Terceirização', 'Votação', 'Tribunal Superior Eleitoral', 'Urna eleitoral', 'Serviço', 'Contrato']"
Urnas autocompletavam o voto em Fernando Haddad,Aos Fatos,https://www.aosfatos.org/noticias/posts-usam-videos-ja-desmentidos-ao-sustentar-que-eleicoes-sao-fraudadas/,falso,2021-08-25 07:00:00,https://encrypted-tbn2.gstatic.com/images?q=tbn:ANd9GcQJtHzlcUJ52rqQBRm14-0bKGmPrvvuwuRVmYNWA_joAGZCqMTP,"['Votação', 'Urna eleitoral', 'Fernando Haddad']"
"Urnas sendo ""preparadas"" em sindicato em Itapeva",Projeto Comprova,https://projetocomprova.com.br/publica%C3%A7%C3%B5es/video-nao-mostra-nenhuma-irregularidade-no-processo-de-carga-e-lacracao-de-urnas-em-itapeva/,Enganoso,2022-09-28 07:00:00,,"['Urna eleitoral', 'Itapeva', 'Sindicato']"
Urnas chegam em escola no Rio de Janeiro de táxi sem escolta policial,Aos Fatos,https://www.aosfatos.org/noticias/taxi-mostrado-em-video-estava-a-servico-do-tre-rj-e-com-escolta-policial/,não_é_bem_assim,2022-10-02 07:00:00,https://encrypted-tbn3.gstatic.com/images?q=tbn:ANd9GcSIOWl-i9XUIlhbcbt2hUSCmoELLnUZ8svE-Tv4Eax7eCHVBTS3,"['Polícia', 'Urna eleitoral', 'Rio de Janeiro', 'Escola']"
As empresas Probank que faziam manutenção das urnas eram de José Dirceu,AFP Checamos,https://checamos.afp.com/doc.afp.com.9KZ9Z9,Falso,2021-08-12 07:00:00,https://encrypted-tbn1.gstatic.com/images?q=tbn:ANd9GcSHVL1TFi42eAPrl6Y1_LVA7wgYpud4RLLBiMvreGPN3Rl2qijV,"['José Dirceu', 'Urna eleitoral', 'Empresa']"
Urnas velhas aparecem em sua maioria com ZERO voto para Bolsonaro. Na nova urna isso não acontece. A fraude foi sistémica. Lula foi só uma peça desse sistema.,Observador,https://observador.pt/factchecks/fact-check-urnas-utilizadas-nas-eleicoes-do-brasil-nao-foram-auditadas/,Errado,2022-11-23 08:00:00,https://encrypted-tbn3.gstatic.com/images?q=tbn:ANd9GcSPoSTekUtgc_77fQoKLZVgRXrfRC2VlIfGvKU-4cRTmZlv5x96,"['Urna eleitoral', 'Votação', 'Jair Bolsonaro', 'Luiz Inácio Lula da Silva', 'Maioria', 'Sistema', 'Fraude']"
"""O General Benjamin Arrola acaba de receber um relatório oficial da consultoria norte-americana Power Guidão. Ficou constatada a fraude nas urnas e será comprovado em breve pelo porta-voz das forças armadas, Alan Berrola.""",Observador,https://observador.pt/factchecks/fact-check-oficiais-das-forcas-armadas-receberam-informacoes-que-comprovam-fraude-nas-eleicoes-brasileiras/,Errado,2022-11-29 08:00:00,https://encrypted-tbn3.gstatic.com/images?q=tbn:ANd9GcQOv_Mheo-5LPg4qYWWsymKcqVbeLWVUBH6sgQDSOE1unX2YU8W,"['Fraude nas urnas eletrônicas', 'Oficial', 'Forças armadas', 'Estados Unidos', 'Porta-voz', 'Urna eleitoral', 'Relatório', 'Consultoria', 'Guidão']"
"""Em Almeirim a urna está aberta. Vergonha. Pulhas. Anule-se esta votação""",Observador,https://observador.pt/factchecks/fact-check-urnas-abertas-poem-em-risco-votos-antecipados/,Errado,2021-01-20 08:00:00,https://encrypted-tbn3.gstatic.com/images?q=tbn:ANd9GcQOv_Mheo-5LPg4qYWWsymKcqVbeLWVUBH6sgQDSOE1unX2YU8W,"['Votação', 'Urna eleitoral']"
Ataques ao STJ colocam segurança de urnas em questão,UOL Notícias,https://noticias.uol.com.br/comprova/ultimas-noticias/2020/11/13/ataque-hacker-ao-stj-nao-e-sinal-de-ameaca-a-seguranca-das-urnas.htm,Falso,2020-11-13 08:00:00,https://encrypted-tbn0.gstatic.com/images?q=tbn:ANd9GcTZdXf7jIG1QtqitmF_r4E_4o4UsjZpDBUxQhxJCtsv5U9Ay_Z1,"['Superior Tribunal de Justiça', 'Urna eleitoral', 'Segurança']"
"Olha gente, eu apertei 17, e tá aparecendo nulo olha aqui. Sou eleitor do Bolsonaro. Urna adulterada, pode chamar a polícia pra me prender",Aos Fatos,https://www.aosfatos.org/noticias/nao-e-verdade-que-urna-no-para-anulou-voto-para-jair-bolsonaro/,falso,2018-10-28 07:00:00,,"['Jair Bolsonaro', 'Urna eleitoral', 'Eleitor', 'Polícia']"
Urnas eletrônicas não são certificadas pelo Inmetro,Aos Fatos,https://www.aosfatos.org/noticias/urna-eletronica-tse-certificada-inmetro/,falso,2022-02-11 08:00:00,https://encrypted-tbn2.gstatic.com/images?q=tbn:ANd9GcSglixTcoQ9_YZz9MLcudPHr4z3M1S3kFMssRFHYD2BWXLgdhGR,"['Urna eletrônica', 'Urna eleitoral', 'Inmetro', 'Instituto Nacional de Metrologia, Qualidade e Tecnologia']"
"ITA e IME, institutos militares, fizeram protótipo de urnas para voto impresso, mas foram vetados pelo TSE (Tribunal Superior Eleitoral)",UOL Notícias,https://noticias.uol.com.br/confere/ultimas-noticias/2020/10/22/ita-ime-urnas-voto-impresso-tse.htm,Falso,2020-10-22 07:00:00,https://encrypted-tbn3.gstatic.com/images?q=tbn:ANd9GcRxNlQJpC50ByOxLNYW9mbLZOIr8qBHz4-G6Wk7pH3NWDY6wz-N,"['Comprovante de votação verificado pelo eleitor', 'Urna eleitoral', 'Tribunal Superior Eleitoral', 'Votação', 'Veto', 'Eleição', 'Tribunal', 'Instituto Militar de Engenharia', 'Instituto Tecnológico de Aeronáutica', 'Protótipo']"
Log da urna viola sigilo de voto,AFP Checamos,https://checamos.afp.com/doc.afp.com.32PM78Y,Falso,2022-11-21 08:00:00,https://encrypted-tbn3.gstatic.com/images?q=tbn:ANd9GcRfWBvvoGDQqHFR7l8m9F-s2WDJlbzdj6qa_SwLK1u9ndYqji7O,"['Urna eleitoral', 'Votação']"
Modelos anteriores à UE2020 apresentam código incorreto que inviabilizam conferência dos boletins das urnas,Aos Fatos,https://www.aosfatos.org/noticias/relatorio-pl-tse-bolsonaro-segundo-turno/,falso,2022-11-22 08:00:00,https://encrypted-tbn3.gstatic.com/images?q=tbn:ANd9GcQ5QL53Qc9P8QiWYHAhWWH87N8lqrW9jswLueTr355FUX5ejD7m,['Urna eleitoral']
"Respeitando o referendo de 2005, quando optou, nas urnas, pelo direito à legítima defesa",Aos Fatos,https://www.aosfatos.org/noticias/o-que-e-e-o-que-nao-e-fato-no-discurso-de-posse-de-bolsonaro-no-congresso/,falso,2019-01-01 08:00:00,https://encrypted-tbn1.gstatic.com/images?q=tbn:ANd9GcTgcZZqgE9njmYyoY9Ad2mR8sPiM0KHAUuCuJ9bnTh7bJrtxAo0,"['Direito', 'Referendo', 'Legítima defesa', 'Referendo no Brasil em 2005', 'Urna eleitoral', '2005']"
TSE reduziu urnas no Exterior e aumentou nos presídios,Aos Fatos,https://www.aosfatos.org/noticias/tse-urnas-exterior-presidios/,falso,2022-10-01 07:00:00,https://encrypted-tbn3.gstatic.com/images?q=tbn:ANd9GcRhKYr820zo0v1DCxB7cVOt6yuB0EPWGA3BWhkD9HgN4yRzS5oM,"['Tribunal Superior Eleitoral', 'Urna eleitoral']"
Urnas eletrônicas estão sendo modificadas no Sindicato dos Metalúrgicos de São Bernardo do Campo,Aos Fatos,https://www.aosfatos.org/noticias/urnas-eletronicas-sindicato-dos-metalurgicos-do-abc/,falso,2022-09-29 07:00:00,https://encrypted-tbn1.gstatic.com/images?q=tbn:ANd9GcTIgvp78C3yGGuTHiBjhi5Pa05GbpUumWMjipB3QVIk9CQ50pcC,"['Urna eleitoral', 'Sindicato dos Metalúrgicos do ABC', 'Urna eletrônica', 'Sindicato', 'São Bernardo do Campo']"
"Eleitores de Lula não precisarão voltar às urnas no 2º turno, diz Moraes",UOL Notícias,https://noticias.uol.com.br/confere/ultimas-noticias/2022/10/12/e-falso-que-eleitores-de-lula-nao-precisam-votar-no-2-turno.htm,Falso,2022-10-12 07:00:00,https://encrypted-tbn3.gstatic.com/images?q=tbn:ANd9GcT7DBsEvBO4IkBVd_H_zq2bluxPhTwFFcp6EoCQ_VLEp2KR2H9Z,"['Luiz Inácio Lula da Silva', 'Eleição', 'Alexandre de Moraes', 'Urna eleitoral']"
A urna eletrônica pode ser hackeada; os resultados das eleições podem ser hackeados,UOL Notícias,https://noticias.uol.com.br/confere/ultimas-noticias/2020/10/01/eleicoes-2020-a-urna-eletronica-pode-ser-hackeada.htm,Falso,2020-10-01 07:00:00,https://encrypted-tbn3.gstatic.com/images?q=tbn:ANd9GcQsPBG3CVTxaCL7pBsaFMuhXLJ55TSIj1pHCtgfOS4Qcd9trKYx,"['Máquina de votação', 'Urna eleitoral', 'Eleição', 'Eletrônica']"
O Arizona baniu o uso de urnas eletrônicas para as eleições de 2024,AFP Checamos,https://checamos.afp.com/doc.afp.com.33KK9K3,Falso,2023-06-22 07:00:00,https://encrypted-tbn0.gstatic.com/images?q=tbn:ANd9GcSJypKKvmhBC6XDbNWicNivhB2HEhb2ZIYpyCUjBeM67siEcPPX,"['Urna eletrônica', 'Urna eleitoral', 'Eleição', 'Arizona', 'Eletrônica', '2024']"
"7,2 milhões de votos foram anulados pelas urnas nas eleições de 2018.",Aos Fatos,https://www.aosfatos.org/noticias/e-falso-que-72-milhoes-de-votos-foram-anulados-pelas-urnas-na-eleicao-de-2018/,falso,2020-09-28 07:00:00,https://encrypted-tbn3.gstatic.com/images?q=tbn:ANd9GcSZmFjMp4lmxtppST3p2hqdZpzkhQJE0SiqjGVEkOTcLb_U0L8a,"['Votação', 'Eleição', 'Urna eleitoral', 'Eleições presidenciais brasileiras, 2018', '2018']"
Ursal armou esquema para manipular urnas,UOL Notícias,https://noticias.uol.com.br/comprova/ultimas-noticias/2018/10/18/ursal-nao-existe-e-portanto-nao-armou-esquema-para-manipular-urnas.htm,Falso,2018-10-18 07:00:00,https://encrypted-tbn1.gstatic.com/images?q=tbn:ANd9GcQe9ZlP4m6N702byym4xzuFyr-GYkUUSSdqpW-0_Noeg_-Cb-B9,"['URSAL', 'Urna eleitoral']"
